Ticker,Company,Sector,Beta,Sharpe_Ratio,Nifty_Correlation,Annual_Volatility_Pct,Max_Drawdown_Pct,Return_1Y_Pct,Return_3Y_Pct,Return_5Y_Pct,Latest_RSI,Latest_Close,Last_Date,Data_Points,Risk_Window_Start
RELIANCE,Reliance Industries,Energy,1.139,0.248,0.745,31.29,-68.18,-14.29,0.79,2.16,27.92,1167.7,2026-10-01,6675,2007-09-17
TCS,Tata Consultancy Services,IT,0.752,0.385,0.529,29.08,-59.25,-25.84,-35.48,-35.97,36.04,2075.0,2026-10-01,5996,2007-09-17
HDFCBANK,HDFC Bank,Banking,0.983,0.412,0.736,27.35,-55.11,-24.05,-1.31,-2.61,49.31,721.2,2026-10-01,6678,2007-09-17
ICICIBANK,ICICI Bank,Banking,1.413,0.342,0.774,37.31,-81.35,-3.67,41.12,96.79,33.9,1310.6,2026-10-01,6025,2007-09-17
INFY,Infosys,IT,0.737,0.283,0.509,29.66,-48.17,-25.74,-20.75,-28.64,44.88,1035.0,2026-10-01,6678,2007-09-17
BHARTIARTL,Bharti Airtel,Telecom,0.853,0.233,0.526,33.23,-56.43,-5.6,92.97,166.88,32.36,1741.1,2026-10-01,6025,2007-09-17
SBIN,State Bank of India,Banking,1.193,0.303,0.693,35.27,-60.94,12.41,68.31,130.94,32.22,954.1,2026-10-01,6676,2007-09-17
LT,Larsen and Toubro,Infrastructure,1.166,0.308,0.735,32.49,-74.92,1.61,25.48,129.02,31.26,3693.4,2026-10-01,6028,2007-09-17
ITC,ITC Limited,FMCG,0.65,0.302,0.506,26.3,-55.28,-33.83,-32.91,38.09,36.35,255.9,2026-10-01,6675,2007-09-17
HINDUNILVR,Hindustan Unilever,FMCG,0.499,0.407,0.408,25.03,-36.9,-26.3,-21.17,-25.95,29.21,1836.0,2026-10-01,6678,2007-09-17
KOTAKBANK,Kotak Mahindra Bank,Banking,1.183,0.357,0.689,35.12,-84.48,1.55,20.99,5.49,57.56,418.35,2026-10-01,6287,2007-09-17
AXISBANK,Axis Bank,Banking,1.301,0.351,0.699,38.09,-77.66,5.05,17.68,59.23,44.52,1217.1,2026-10-01,6675,2007-09-17
BAJFINANCE,Bajaj Finance,NBFC,0.914,0.803,0.468,39.99,-90.59,-3.4,23.53,29.27,32.06,948.3,2026-10-01,6025,2007-09-17
HCLTECH,HCL Technologies,IT,0.858,0.511,0.515,34.05,-70.91,-6.48,13.32,20.05,45.58,1243.1,2026-10-01,5999,2007-09-17
MARUTI,Maruti Suzuki,Auto,0.826,0.418,0.558,30.31,-61.05,-27.97,10.59,66.47,21.84,11386.0,2026-10-01,5761,2007-09-17
SUNPHARMA,Sun Pharmaceutical,Pharma,0.514,0.476,0.353,29.75,-71.46,11.08,59.73,128.91,36.74,1801.0,2026-10-01,6678,2007-09-17
ASIANPAINT,Asian Paints,Consumer,0.494,0.579,0.381,26.5,-44.14,4.1,-21.34,-20.57,35.79,2407.0,2026-10-01,6025,2007-09-17
TITAN,Titan Company,Consumer,0.851,0.641,0.497,35.11,-59.77,32.93,44.79,112.13,26.52,4515.7,2026-10-01,6678,2007-09-17
TMPV,Tata Motors Passenger Vehicles,Auto,1.27,0.183,0.592,44.07,-89.08,-60.78,-54.63,-13.95,27.34,279.4,2026-10-01,6678,2007-09-17
WIPRO,Wipro,IT,0.77,0.18,0.523,30.16,-63.13,-31.42,-15.13,-45.16,32.19,159.35,2026-10-01,6678,2007-09-17
ULTRACEMCO,UltraTech Cement,Cement,0.805,0.382,0.559,29.46,-77.16,-9.64,34.02,49.36,37.99,10710.0,2026-10-01,5995,2007-09-17
BAJAJFINSV,Bajaj Finserv,NBFC,0.831,0.22,0.374,45.46,-99.68,-13.6,12.71,1.15,24.8,1732.6,2026-10-01,5994,2007-09-17
NTPC,NTPC Limited,Utilities,0.809,0.16,0.573,28.88,-55.03,-4.88,37.24,162.89,30.9,315.1,2026-10-01,5414,2007-09-17
POWERGRID,Power Grid Corporation,Utilities,0.748,0.313,0.536,28.54,-63.66,-6.3,41.14,124.91,34.73,254.55,2026-10-01,4687,2007-10-05
ONGC,Oil and Natural Gas Corporation,Energy,0.901,0.18,0.54,34.11,-76.79,-3.65,34.45,104.53,30.92,222.37,2026-10-01,6675,2007-09-17
COALINDIA,Coal India,Mining,0.723,0.212,0.412,28.87,-64.65,15.56,73.65,233.87,51.75,420.4,2026-10-01,3928,2010-11-04
TECHM,Tech Mahindra,IT,0.816,0.291,0.468,35.66,-85.94,12.24,37.48,33.09,44.2,1533.0,2026-10-01,4962,2007-09-17
HDFCLIFE,HDFC Life Insurance,Insurance,0.909,0.105,0.526,28.99,-46.19,-29.83,-15.37,-25.6,48.24,534.2,2026-10-01,2196,2017-11-17
INDUSINDBK,IndusInd Bank,Banking,1.291,0.403,0.6,44.01,-85.03,19.53,-37.14,-17.09,30.57,886.85,2026-10-01,6026,2007-09-17
M&M,Mahindra and Mahindra,Auto,1.037,0.451,0.611,34.73,-72.28,-16.56,88.81,261.86,22.97,2860.0,2026-10-01,6676,2007-09-17
ADANIENT,Adani Enterprises,Conglomerate,1.204,0.628,0.477,51.67,-81.03,8.69,16.85,93.53,40.12,2816.8,2026-10-01,5980,2007-09-17
GRASIM,Grasim Industries,Cement,0.881,0.282,0.596,30.27,-76.58,6.51,54.73,81.31,27.86,2962.0,2026-10-01,6025,2007-09-17
BPCL,Bharat Petroleum Corporation,Energy,0.786,0.485,0.444,36.24,-60.18,-7.12,103.68,71.99,41.0,300.6,2026-10-01,6675,2007-09-17
DIVISLAB,Divis Laboratories,Pharma,0.693,0.557,0.434,32.69,-59.54,62.65,149.3,97.32,51.31,9249.0,2026-10-01,5845,2007-09-17
EICHERMOT,Eicher Motors,Auto,0.805,0.809,0.456,36.12,-72.28,-0.41,107.77,162.9,18.77,6920.0,2026-10-01,6675,2007-09-17
CIPLA,Cipla,Pharma,0.507,0.327,0.384,27.01,-47.9,-10.34,16.57,42.03,34.76,1344.0,2026-10-01,6677,2007-09-17
SBILIFE,SBI Life Insurance,Insurance,0.783,0.275,0.492,26.54,-46.84,-4.28,32.56,43.72,46.56,1721.6,2026-10-01,2228,2017-10-03
JSWSTEEL,JSW Steel,Metals,1.304,0.448,0.621,42.98,-87.68,8.2,60.74,92.41,38.87,1233.0,2026-10-01,5805,2007-09-17
BAJAJ-AUTO,Bajaj Auto,Auto,0.712,0.524,0.469,31.08,-77.76,18.08,107.94,192.25,21.31,10045.0,2026-10-01,6028,2007-09-17
ADANIPORTS,Adani Ports and SEZ,Infrastructure,1.041,0.352,0.512,41.21,-80.22,22.66,113.43,142.91,47.93,1737.8,2026-10-01,4651,2007-11-27
BRITANNIA,Britannia Industries,FMCG,0.386,0.655,0.313,25.26,-37.68,-18.59,9.88,31.55,26.79,4778.0,2026-10-01,6678,2007-09-17
APOLLOHOSP,Apollo Hospitals,Healthcare,0.54,0.556,0.34,32.58,-39.42,9.58,59.52,84.88,29.69,8133.5,2026-10-01,6025,2007-09-17
TATACONSUM,Tata Consumer Products,FMCG,0.729,0.428,0.47,31.73,-52.46,-15.7,11.64,24.49,33.79,957.0,2026-10-01,6675,2007-09-17
TATASTEEL,Tata Steel,Metals,1.34,0.271,0.665,41.24,-83.66,8.45,47.13,59.04,37.89,178.0,2026-10-01,6678,2007-09-17
HINDALCO,Hindalco Industries,Metals,1.352,0.321,0.64,43.19,-80.95,23.61,94.7,101.15,35.5,941.85,2026-10-01,6678,2007-09-17
DRREDDY,Dr Reddys Laboratories,Pharma,0.454,0.363,0.336,27.62,-55.89,-2.48,9.97,25.8,53.99,1206.2,2026-10-01,6675,2007-09-17
TRENT,Trent Limited,Consumer,0.65,0.591,0.37,35.99,-73.3,-46.53,24.34,148.18,24.4,2580.0,2026-10-01,6025,2007-09-17
NESTLEIND,Nestle India,FMCG,0.254,0.192,0.187,27.7,-76.38,13.26,20.19,41.41,30.13,1307.7,2026-10-01,5998,2007-09-17
HEROMOTOCO,Hero MotoCorp,Auto,0.669,0.406,0.46,29.81,-58.18,-1.59,87.32,115.97,40.76,5168.0,2026-10-01,6025,2007-09-17
SHRIRAMFIN,Shriram Finance,NBFC,0.861,0.506,0.429,41.06,-71.87,47.39,158.11,298.75,29.83,945.0,2026-10-01,6028,2007-09-17
